n,k_1_per_m,f_Hz
1,1.5707963267948964e-05,0.7499999999999999
2,3.141592653589793e-05,1.4999999999999998
3,4.71238898038469e-05,2.25
4,6.283185307179586e-05,2.9999999999999996
5,7.853981633974483e-05,3.7499999999999996
